{"cameraMode":{"drawMode":0,"name":"Shaded","section":"Shading Mode"},"sceneLighting":true,"audioPlay":false,"sceneViewState":{"showFog":true,"showMaterialUpdate":false,"showSkybox":true,"showFlares":true,"showImageEffects":true,"showParticleSystems":true},"in2DMode":false,"pivot":{"x":82.42985534667969,"y":0.12024450302124024,"z":-22.0134334564209},"rotation":{"x":0.016931790858507158,"y":0.810489296913147,"z":-0.02345748245716095,"w":0.5850386023521423},"size":62.33278274536133,"orthographic":false}