{"cameraMode":{"drawMode":0,"name":"Shaded","section":"Shading Mode"},"sceneLighting":true,"audioPlay":false,"sceneViewState":{"showFog":true,"showMaterialUpdate":false,"showSkybox":true,"showFlares":true,"showImageEffects":true,"showParticleSystems":true},"in2DMode":false,"pivot":{"x":21.350069046020509,"y":16.462806701660158,"z":53.47688293457031},"rotation":{"x":0.09233792871236801,"y":0.04513326659798622,"z":0.004190373700112104,"w":-0.9946955442428589},"size":56.47173309326172,"orthographic":false}