{"cameraMode":{"drawMode":0,"name":"Shaded","section":"Shading Mode"},"sceneLighting":true,"audioPlay":false,"sceneViewState":{"showFog":true,"showMaterialUpdate":false,"showSkybox":true,"showFlares":true,"showImageEffects":true,"showParticleSystems":true},"in2DMode":false,"pivot":{"x":88.22647094726563,"y":1.1701254844665528,"z":-5.541175365447998},"rotation":{"x":-0.03349928930401802,"y":-0.721131443977356,"z":0.03495577350258827,"w":-0.6911044716835022},"size":62.33278274536133,"orthographic":false}