{"cameraMode":{"drawMode":0,"name":"Shaded","section":"Shading Mode"},"sceneLighting":true,"audioPlay":false,"sceneViewState":{"showFog":true,"showMaterialUpdate":false,"showSkybox":true,"showFlares":true,"showImageEffects":true,"showParticleSystems":true},"in2DMode":false,"pivot":{"x":21.178571701049806,"y":4.6853814125061039,"z":2.238860607147217},"rotation":{"x":-0.0025778859853744509,"y":-0.8688480257987976,"z":0.49505162239074709,"w":-0.00452042743563652},"size":13.95151424407959,"orthographic":false}