{"cameraMode":{"drawMode":0,"name":"Shaded","section":"Shading Mode"},"sceneLighting":true,"audioPlay":false,"sceneViewState":{"showFog":true,"showMaterialUpdate":false,"showSkybox":true,"showFlares":true,"showImageEffects":true,"showParticleSystems":true},"in2DMode":false,"pivot":{"x":29.66452980041504,"y":8.933032035827637,"z":0.18755830824375153},"rotation":{"x":-0.7383982539176941,"y":0.054774489253759387,"z":-0.060422297567129138,"w":-0.6694154143333435},"size":7.0125274658203129,"orthographic":false}